primary_key,normal,crack,dent,glass_shatter,lamp_broken,scratch,tire_flat,total_images,description_rating,rating,condition
1,5,0,0,0,0,0,0,5,4,,6
2,7,0,0,0,0,0,0,7,5,10.0,7
3,5,0,0,0,0,0,0,5,4,,6
4,3,0,0,0,0,0,0,3,4,,5
5,3,0,0,0,0,0,0,3,4,,5
6,2,0,0,0,0,0,0,2,4,,5
7,8,0,4,0,0,0,0,12,4,,4
8,4,0,0,0,0,0,0,4,4,,6
9,6,0,0,0,0,0,0,6,4,,6
10,5,0,0,0,0,0,0,5,4,,6
11,10,0,0,0,0,0,0,10,4,,6
12,11,0,0,0,0,0,0,11,4,,6
13,2,0,0,0,0,0,0,2,4,,5
14,6,0,0,0,0,0,0,6,4,,6
15,6,0,0,0,0,0,0,6,4,,6
16,4,0,0,0,0,0,0,4,4,,6
17,8,0,0,0,0,0,0,8,4,,6
18,6,0,0,1,0,0,0,7,4,,4
19,5,0,0,0,0,0,0,5,4,,6
20,4,0,0,0,0,0,0,4,4,,6
21,7,0,0,0,1,0,0,8,4,,5
22,8,0,0,0,0,0,0,8,4,,6
23,4,0,0,0,0,0,0,4,4,,6
24,7,0,1,0,0,0,0,8,4,,5
25,3,0,1,0,0,0,0,4,4,,5
26,8,0,0,0,0,0,0,8,4,,6
27,4,0,0,0,0,0,0,4,4,,6
28,6,0,1,0,0,1,0,8,4,,5
29,1,0,0,0,0,0,0,1,4,,4
30,7,0,0,0,0,0,0,7,4,,6
31,13,0,0,0,0,0,0,13,4,,6
32,2,0,0,0,0,0,0,2,4,,5
33,13,0,0,0,0,0,0,13,4,,6
34,7,0,0,0,0,0,0,7,2,,6
35,9,0,0,0,0,0,0,9,4,,6
36,8,0,0,0,0,0,0,8,2,,6
37,5,0,1,0,0,0,0,6,4,,5
38,3,0,0,0,0,0,0,3,4,,5
39,6,0,2,1,0,0,0,9,4,,5
40,3,0,0,0,0,0,1,4,4,,5
41,6,0,0,0,0,0,0,6,4,,6
42,5,0,0,0,0,0,0,5,4,,6
43,4,0,0,0,0,0,0,4,2,,6
44,5,0,2,0,0,0,0,7,4,8.0,4
45,8,0,0,0,0,0,0,8,5,9.0,7
46,3,0,0,0,0,0,0,3,2,,5
47,10,0,0,0,0,0,0,10,4,,6
48,7,0,0,0,0,0,0,7,4,,6
49,11,0,0,0,0,0,0,11,4,,6
50,7,0,0,0,0,0,0,7,4,,6
51,6,0,0,0,0,0,0,6,5,10.0,7
52,6,0,0,0,0,0,0,6,5,9.0,7
53,4,0,0,0,0,0,0,4,4,,6
54,3,0,0,0,0,0,0,3,4,,5
55,6,0,0,0,0,0,0,6,4,,6
56,6,0,0,0,0,0,0,6,4,,6
57,5,0,0,0,0,0,0,5,4,,6
58,5,0,2,0,0,0,0,7,4,8.0,4
59,8,0,0,0,0,0,0,8,5,9.0,7
60,11,0,0,0,0,0,0,11,4,,6
61,7,0,0,0,0,0,0,7,4,,6
62,6,0,0,0,0,0,0,6,5,10.0,7
63,6,0,0,0,0,0,0,6,5,9.0,7
64,6,0,0,0,0,0,0,6,4,,6
65,6,0,0,0,0,0,0,6,4,,6
66,2,0,1,0,0,0,0,3,4,,4
67,2,0,0,0,0,0,0,2,2,,5
68,6,0,0,0,0,0,0,6,4,,6
69,3,0,1,0,0,0,0,4,4,,5
70,3,0,0,0,0,0,0,3,4,,5
71,2,0,4,0,0,0,0,6,4,,4
72,9,0,0,0,0,0,0,9,4,,6
73,5,0,1,0,0,0,0,6,4,,5
74,6,0,0,0,0,0,0,6,4,,6
75,3,0,0,0,0,0,0,3,4,,5
76,7,0,0,0,0,0,0,7,4,,6
77,5,0,1,0,0,0,0,6,4,7.0,5
78,4,0,0,0,0,0,0,4,4,,6
79,3,0,0,0,0,0,0,3,4,,5
80,7,0,0,0,1,0,0,8,4,,5
81,4,0,0,0,0,0,0,4,4,,6
82,9,0,0,0,0,0,0,9,2,,6
83,8,0,0,0,0,0,0,8,4,,6
84,6,0,0,0,0,0,0,6,4,,6
85,8,0,0,0,0,0,0,8,4,,6
86,5,0,0,0,0,0,0,5,4,,6
87,3,0,0,0,0,0,0,3,4,,5
88,2,0,0,0,0,0,0,2,2,,5
89,6,0,0,0,0,0,0,6,4,,6
90,2,0,4,0,0,0,0,6,4,,4
91,10,0,0,0,0,0,0,10,4,,6
92,6,0,0,0,0,0,0,6,4,,6
93,5,0,1,0,0,0,0,6,4,7.0,5
94,3,0,0,0,0,0,0,3,4,,5
95,7,0,0,0,1,0,0,8,4,,5
96,8,0,0,0,0,0,0,8,2,,6
97,6,0,0,0,0,0,0,6,4,,6
98,8,0,0,0,0,0,0,8,4,,6
99,5,0,0,0,0,0,0,5,4,,6
100,8,0,0,0,0,0,0,8,4,,6
101,4,0,0,0,0,0,0,4,4,,6
102,6,0,1,0,0,0,0,7,4,,5
103,6,0,0,0,0,0,0,6,4,,6
104,6,0,0,0,0,0,0,6,4,,6
105,6,0,0,0,0,0,0,6,4,,6
106,3,0,1,0,0,0,0,4,4,,5
107,3,0,0,0,0,0,0,3,4,,5
108,7,0,0,0,0,0,0,7,4,,6
109,6,0,0,0,0,0,0,6,5,10.0,7
110,2,0,0,0,0,0,0,2,4,,5
111,3,0,1,0,0,1,0,5,4,,5
112,5,0,0,0,0,0,0,5,4,,6
113,11,0,0,0,0,0,0,11,4,,6
114,7,0,0,0,0,0,0,7,4,,6
115,3,0,0,0,0,0,0,3,4,,5
116,1,0,0,0,0,0,0,1,4,,4
117,7,0,0,0,0,0,0,7,4,,6
118,8,0,0,0,0,0,0,8,4,,6
119,6,0,0,0,0,0,0,6,4,7.0,7
120,5,0,1,0,0,0,0,6,4,,5
121,5,0,0,0,0,0,0,5,5,9.0,7
122,6,0,0,0,0,0,0,6,4,,6
123,6,0,1,0,0,0,0,7,4,,5
124,2,0,0,0,0,0,0,2,4,,5
125,3,0,0,0,0,0,0,3,4,,5
126,4,0,0,0,0,0,0,4,4,,6
127,6,0,0,0,0,0,1,7,4,,5
128,6,0,0,0,0,0,0,6,4,,6
129,6,0,0,0,0,0,0,6,4,,6
130,6,0,0,0,0,0,0,6,4,,6
131,3,0,1,0,0,0,0,4,4,,5
132,3,0,0,0,0,0,0,3,4,,5
133,6,0,0,0,0,0,0,6,5,10.0,7
134,2,0,0,0,0,0,0,2,4,,5
135,5,0,0,0,0,0,0,5,4,,6
136,8,0,0,0,0,0,0,8,4,,6
137,7,0,0,1,0,0,1,9,4,,4
138,3,0,4,2,0,0,0,9,4,,4
139,9,0,0,0,0,0,0,9,4,,6
140,5,0,0,0,0,0,0,5,5,9.0,7
141,10,0,1,0,0,0,0,11,4,,5
142,6,0,0,0,0,0,0,6,2,,6
143,3,0,0,0,0,0,0,3,4,,5
144,5,0,0,0,0,0,0,5,4,,6
145,5,0,0,0,0,0,0,5,4,,6
146,6,0,0,0,0,0,0,6,4,,6
147,2,0,0,0,0,0,0,2,4,,5
148,5,0,0,0,0,0,0,5,2,,6
149,10,0,0,0,0,0,0,10,5,10.0,7
150,10,0,0,0,0,0,0,10,4,,6
151,2,0,0,0,0,0,0,2,4,,5
152,6,0,0,0,0,0,0,6,2,,6
153,6,0,0,0,0,0,0,6,4,,6
154,6,0,0,0,0,0,0,6,4,,6
155,1,0,0,0,0,0,0,1,2,,4
156,6,0,2,0,0,0,0,8,4,,4
157,6,0,0,0,0,0,0,6,4,,6
158,6,0,0,0,0,0,0,6,4,,6
159,2,0,0,0,0,0,0,2,2,,5
160,5,0,0,0,0,0,0,5,4,,6
161,8,0,0,0,0,0,0,8,4,,6
162,6,0,0,0,0,0,0,6,4,7.0,7
163,5,0,0,0,0,0,0,5,5,9.0,7
164,6,0,0,0,0,0,0,6,4,,6
165,6,0,0,0,0,0,0,6,4,,6
166,2,0,0,0,0,0,0,2,4,,5
167,9,0,0,0,0,0,0,9,4,,6
168,5,0,0,0,0,0,0,5,5,9.0,7
169,6,0,0,0,0,0,0,6,2,,6
170,3,0,0,0,0,0,0,3,4,,5
171,6,0,0,0,0,0,1,7,4,,5
172,10,0,0,0,0,0,0,10,5,10.0,7
173,5,0,0,0,0,0,0,5,4,,6
174,5,0,3,0,0,0,0,8,4,,4
175,3,0,0,0,0,0,0,3,4,,5
176,4,0,0,0,0,0,0,4,4,,6
177,11,0,0,0,0,0,0,11,4,,6
178,8,0,0,0,0,0,0,8,4,,6
179,6,0,0,0,0,0,0,6,4,,6
180,7,0,0,0,0,0,0,7,2,,6
181,8,0,0,0,0,0,0,8,4,,6
182,3,0,2,0,0,0,0,5,4,,4
183,3,0,0,0,0,0,0,3,4,,5
184,3,0,0,0,0,0,1,4,4,,5
185,2,0,2,0,0,0,0,4,4,,4
186,4,0,0,0,0,1,0,5,4,,5
187,4,0,0,0,0,0,0,4,4,,6
188,6,0,0,0,1,0,0,7,4,,5
189,7,0,2,0,0,0,1,10,4,,5
190,6,0,0,0,0,0,0,6,4,,6
191,6,0,0,0,0,0,0,6,5,10.0,7
192,9,0,0,0,0,0,0,9,4,,6
193,5,0,0,0,0,0,0,5,4,,6
194,7,0,0,0,0,0,0,7,4,8.0,7
195,4,0,0,0,0,0,0,4,4,,6
196,2,0,0,0,0,0,0,2,4,,5
197,2,0,0,0,0,0,0,2,4,,5
198,2,0,0,0,0,0,0,2,4,,5
199,6,0,0,0,0,0,0,6,4,,6
200,6,0,0,0,0,0,0,6,4,,6
201,5,0,0,0,0,0,0,5,4,,6
202,3,0,0,0,0,0,0,3,4,,5
203,4,0,0,0,0,0,0,4,4,,6
204,8,0,0,0,0,0,0,8,4,,6
205,7,0,0,0,0,0,0,7,2,,6
206,8,0,0,0,0,0,0,8,4,,6
207,7,0,0,0,0,0,0,7,5,10.0,7
208,6,0,0,0,0,0,0,6,4,,6
209,7,0,0,0,0,0,0,7,4,8.0,7
210,7,0,0,0,0,0,0,7,4,,6
211,7,0,0,0,0,0,0,7,2,,6
212,6,0,0,0,0,0,0,6,2,7.0,7
213,6,0,0,0,0,0,0,6,4,,6
214,5,0,1,0,0,0,0,6,4,,5
215,9,0,0,0,0,0,0,9,4,,6
216,3,0,0,0,0,0,0,3,4,,5
217,6,0,0,0,0,0,0,6,5,9.0,7
218,2,0,0,0,0,0,0,2,4,,5
219,2,0,0,0,0,0,0,2,4,,5
220,6,0,0,0,0,0,0,6,4,,6
221,1,0,3,0,0,0,0,4,4,,3
222,7,0,0,0,0,0,0,7,5,10.0,7
223,6,0,0,0,0,0,0,6,4,,6
224,4,0,2,0,0,0,0,6,4,,4
225,4,0,0,0,0,0,0,4,4,,6
226,8,0,1,0,0,0,0,9,4,,5
227,7,0,0,0,0,0,0,7,4,,6
228,6,0,0,0,0,0,0,6,4,,6
229,6,0,0,0,0,0,0,6,4,,6
230,3,0,0,0,0,0,1,4,4,,5
231,11,0,0,0,0,0,0,11,4,,6
232,6,0,0,0,0,0,0,6,4,,6
233,6,0,0,0,0,0,0,6,5,10.0,7
234,6,0,0,0,0,0,0,6,4,,6
235,5,0,0,0,0,0,0,5,4,,6
236,2,0,0,0,0,0,0,2,4,,5
237,7,0,0,0,0,0,0,7,4,,6
238,6,0,0,0,0,0,0,6,2,7.0,7
239,5,0,1,0,0,0,0,6,4,,5
240,9,0,0,0,0,0,0,9,4,,6
241,6,0,0,0,0,0,0,6,5,9.0,7
242,2,0,0,0,0,0,0,2,4,,5
243,6,0,0,0,0,0,0,6,4,,6
244,6,0,0,0,0,0,0,6,5,10.0,7
245,3,0,0,0,0,0,0,3,4,,5
246,8,0,1,0,0,0,0,9,4,,5
247,4,0,0,0,0,0,1,5,4,,5
248,7,0,0,0,0,0,0,7,4,,6
249,7,0,0,0,0,0,0,7,4,,6
250,6,0,0,0,0,0,1,7,5,10.0,7
251,4,0,0,0,0,0,0,4,4,,6
252,5,0,0,0,0,0,0,5,4,,6
253,8,0,0,0,0,0,0,8,4,,6
254,4,0,0,0,0,0,0,4,4,,6
255,10,0,0,0,0,0,0,10,4,,6
256,8,0,1,0,0,0,0,9,4,,5
257,4,0,1,0,0,0,0,5,4,,5
258,7,0,0,0,0,0,0,7,4,,6
259,4,0,0,0,0,0,0,4,4,,6
260,7,0,3,0,0,0,0,10,2,,5
261,3,0,0,0,0,0,0,3,4,,5
262,5,0,4,0,0,0,0,9,4,,4
263,4,0,0,0,0,0,0,4,4,,6
264,5,0,0,0,0,0,0,5,4,,6
265,4,0,0,0,0,0,0,4,4,,6
266,5,0,0,0,0,0,0,5,4,,6
267,8,0,0,1,0,0,0,9,4,,4
268,1,0,2,0,0,0,0,3,4,,4
269,1,0,0,0,0,0,0,1,2,,4
270,5,0,1,0,0,0,0,6,4,,5
271,7,0,0,0,0,0,1,8,5,10.0,7
272,6,0,0,0,0,0,0,6,4,,6
273,6,0,0,0,0,0,0,6,4,,6
274,7,0,0,0,0,0,0,7,4,,6
275,3,0,0,0,0,0,0,3,4,,5
276,11,0,0,0,0,0,0,11,4,,6
277,6,0,0,0,0,0,0,6,4,,6
278,6,0,0,0,0,0,0,6,5,10.0,7
279,4,0,0,0,0,0,0,4,4,,6
280,7,0,0,0,0,0,0,7,4,,6
281,7,0,0,0,0,0,0,7,4,,6
282,6,0,0,0,0,0,0,6,5,10.0,7
283,4,0,0,0,0,0,0,4,4,,6
284,5,0,0,0,0,0,0,5,4,,6
285,1,0,0,0,0,0,0,1,2,,4
286,8,0,0,0,0,0,0,8,4,,6
287,4,0,0,0,0,0,0,4,4,,6
288,6,0,0,0,0,0,0,6,4,,6
289,2,0,0,0,0,0,1,3,4,,5
290,6,0,0,0,0,0,0,6,4,,6
291,5,0,0,0,0,0,0,5,4,,6
292,5,0,0,0,0,0,0,5,2,8.0,7
293,6,0,0,0,0,0,0,6,4,,6
294,8,0,0,0,0,1,0,9,4,,5
295,6,0,0,0,0,0,0,6,2,6.0,6
296,5,0,2,0,0,0,0,7,4,,4
297,5,0,2,0,0,0,0,7,4,,4
298,9,0,0,0,0,0,0,9,4,,6
299,7,0,0,0,0,0,0,7,4,,6
300,4,0,0,0,0,0,0,4,4,,6
301,6,0,0,0,0,0,0,6,4,,6
302,6,0,0,0,0,0,0,6,4,,6
303,6,0,0,0,1,0,0,7,4,4.0,5
304,4,0,0,0,0,0,0,4,2,,6
305,5,0,0,0,0,0,0,5,4,,6
306,6,0,0,0,0,0,0,6,2,,6
307,5,0,0,0,0,0,0,5,4,,6
308,2,0,0,0,0,0,0,2,4,,5
309,5,0,0,0,0,0,0,5,4,,6
310,7,0,0,0,0,0,0,7,4,,6
311,4,0,0,0,0,0,0,4,4,,6
312,4,0,0,0,0,0,0,4,4,,6
313,7,0,3,0,0,0,0,10,2,,5
314,3,0,0,0,0,0,0,3,4,,5
315,4,0,0,0,0,0,0,4,4,,6
316,5,0,0,0,0,0,0,5,4,,6
317,4,0,0,0,0,0,0,4,4,,6
318,5,0,0,0,0,0,0,5,4,,6
319,7,0,0,1,0,0,0,8,4,,4
320,5,0,1,0,0,0,0,6,4,,5
321,8,0,0,0,0,0,0,8,2,,6
322,5,0,0,1,0,0,0,6,4,,5
323,6,0,0,0,0,0,0,6,4,,6
324,4,0,0,0,0,0,0,4,2,,6
325,7,0,1,0,0,0,0,8,4,,5
326,3,0,0,0,1,0,0,4,4,,4
327,3,0,4,0,0,0,0,7,4,,4
328,6,0,0,0,0,0,0,6,4,,6
329,2,0,2,0,0,0,0,4,4,,4
330,4,0,0,0,0,0,0,4,4,,6
331,6,0,1,0,0,0,0,7,4,,5
332,7,0,0,0,0,0,1,8,5,9.0,7
333,11,0,0,0,0,0,0,11,2,,6
334,6,0,0,0,0,0,0,6,2,,6
335,11,0,0,0,0,0,0,11,4,,6
336,4,0,0,0,1,0,0,5,4,,4
337,6,0,0,0,0,0,0,6,4,,6
338,6,0,0,0,0,0,0,6,4,,6
339,6,0,0,0,0,0,0,6,4,,6
340,6,0,0,1,0,0,0,7,5,9.0,7
341,6,0,0,0,0,0,0,6,4,8.0,7
342,6,0,0,0,0,0,1,7,4,8.0,7
343,8,0,2,0,0,0,0,10,4,,5
344,7,0,0,0,0,0,0,7,5,9.0,7
345,8,0,0,0,0,0,0,8,4,,6
346,6,0,0,0,0,0,0,6,5,10.0,7
347,5,0,0,0,0,0,0,5,4,,6
348,4,0,0,0,0,0,0,4,4,,6
349,6,0,0,0,0,0,0,6,4,,6
350,3,0,0,0,0,0,0,3,4,,5
351,6,0,0,0,0,0,0,6,4,,6
352,5,0,0,0,0,0,0,5,4,,6
353,6,0,0,0,0,0,0,6,2,8.0,7
354,6,0,0,0,0,0,0,6,4,,6
355,6,0,1,0,0,0,0,7,2,6.0,5
356,5,0,2,0,0,0,0,7,4,,4
357,5,0,1,0,0,0,0,6,4,,5
358,6,0,0,0,0,0,0,6,2,7.0,7
359,5,0,0,0,0,0,0,5,4,,6
360,7,0,1,0,0,0,0,8,4,,5
361,6,0,0,0,0,0,0,6,4,,6
362,4,0,0,0,0,0,0,4,4,,6
363,3,0,0,0,0,0,0,3,4,,5
364,5,0,0,1,0,0,0,6,4,,5
365,2,0,0,0,0,0,0,2,4,,5
366,6,0,0,0,0,0,0,6,4,,6
367,6,0,0,0,0,0,1,7,4,8.0,7
368,8,0,0,0,0,0,0,8,4,,6
369,4,0,0,0,0,0,0,4,4,,6
370,1,0,0,0,0,0,0,1,4,,4
371,4,0,0,0,0,0,0,4,4,,6
372,5,0,0,0,0,0,0,5,4,,6
373,5,0,0,0,0,0,0,5,4,,6
374,6,0,0,0,0,0,0,6,4,,6
375,3,0,0,0,0,0,0,3,4,,5
376,4,0,0,0,0,0,0,4,4,,6
377,6,0,0,0,0,0,0,6,5,9.0,7
378,10,0,0,0,0,0,0,10,4,,6
379,3,0,0,0,0,0,0,3,4,,5
380,3,0,0,0,0,1,0,4,4,,5
381,6,0,0,0,0,0,0,6,4,,6
382,3,0,0,0,0,0,0,3,2,,5
383,4,0,0,0,0,0,0,4,4,,6
384,6,0,0,0,0,0,0,6,4,,6
385,6,0,0,0,1,0,0,7,4,4.0,5
386,2,0,0,0,0,0,0,2,4,,5
387,7,0,0,0,0,0,0,7,4,,6
388,4,0,0,0,0,0,0,4,2,,6
389,6,0,0,0,0,0,0,6,4,,6
390,2,0,2,0,0,0,0,4,4,,4
391,4,0,0,0,0,0,0,4,4,,6
392,7,0,0,0,0,0,0,7,5,9.0,7
393,10,0,0,0,0,0,0,10,2,,6
394,6,0,0,0,0,0,0,6,2,,6
395,2,0,0,0,0,0,0,2,4,,5
396,5,0,0,0,0,0,0,5,4,,6
397,5,0,0,0,0,0,0,5,4,,6
398,6,0,0,0,0,0,0,6,2,,6
399,3,0,2,0,0,0,0,5,2,,4
400,4,0,0,0,0,0,0,4,4,,6
401,3,0,2,0,0,0,0,5,4,,4
402,4,0,0,0,0,0,0,4,4,,6
403,3,0,0,0,0,0,0,3,4,,5
404,2,0,1,0,0,0,0,3,2,,4
405,2,0,1,0,0,0,0,3,4,,4
406,3,0,0,0,0,1,0,4,4,,5
407,5,0,0,0,0,0,0,5,4,,6
408,7,0,0,0,0,0,0,7,4,,6
409,6,0,0,0,0,1,0,7,4,,5
410,8,0,1,0,0,0,0,9,4,,5
411,2,0,0,0,0,0,0,2,4,,5
412,4,0,0,0,0,0,0,4,4,,6
413,8,0,0,0,0,0,0,8,4,,6
414,6,0,0,0,0,0,0,6,4,,6
415,6,0,0,0,0,0,0,6,4,,6
416,3,0,0,0,0,0,0,3,4,,5
417,5,0,0,0,0,0,1,6,4,,5
418,8,0,0,0,0,0,0,8,4,,6
419,4,0,0,0,1,0,0,5,4,,4
420,6,0,0,0,0,0,0,6,4,,6
421,6,0,0,0,0,0,0,6,4,,6
422,6,0,0,0,0,0,0,6,5,9.0,7
423,7,0,0,0,0,0,0,7,4,8.0,7
424,6,0,0,0,0,0,0,6,4,8.0,7
425,7,0,0,0,0,0,0,7,4,,6
426,6,0,0,0,0,0,0,6,2,7.0,7
427,7,0,1,0,0,0,0,8,4,,5
428,6,0,0,0,0,0,0,6,4,,6
429,4,0,0,0,0,0,0,4,4,,6
430,6,0,0,0,0,0,0,6,4,8.0,7
431,9,0,0,0,0,1,0,10,4,,5
432,3,0,0,0,0,0,0,3,2,,5
433,2,0,0,0,0,0,0,2,4,,5
434,4,0,0,1,0,0,0,5,4,,4
435,7,0,0,0,0,0,0,7,4,8.0,7
436,5,0,0,0,0,0,0,5,4,,6
437,8,0,0,0,0,0,0,8,4,,6
438,6,0,2,0,0,0,1,9,4,,5
439,6,0,0,0,0,0,0,6,4,,6
440,7,0,0,0,0,0,0,7,2,,6
441,4,0,0,0,0,0,0,4,4,,6
442,6,0,0,0,0,0,0,6,4,,6
443,8,0,2,0,0,0,0,10,4,,5
444,5,0,1,0,0,0,0,6,4,,5
445,4,0,0,0,0,0,0,4,4,,6
446,7,0,1,0,0,0,0,8,4,,5
447,6,0,0,0,0,0,0,6,5,9.0,7
448,7,0,0,0,0,0,0,7,5,9.0,7
449,7,0,0,0,0,0,0,7,4,,6
450,8,0,1,0,0,0,0,9,4,,5
451,3,0,0,0,3,1,1,8,4,,4
452,11,0,0,0,0,0,0,11,4,,6
453,8,0,4,0,0,0,0,12,4,,4
454,4,0,0,0,0,0,0,4,4,,6
455,6,0,0,0,0,0,0,6,4,,6
456,8,0,0,0,0,0,0,8,4,,6
457,5,0,0,0,0,0,0,5,4,,6
458,6,0,0,0,0,0,0,6,4,,6
459,3,0,0,0,0,0,0,3,4,,5
460,4,0,0,0,0,0,0,4,4,,6
461,6,0,0,0,0,0,0,6,5,9.0,7
462,9,0,0,0,0,0,0,9,4,,6
463,3,0,0,0,0,0,0,3,4,,5
464,5,0,0,0,0,0,0,5,4,,6
465,6,0,0,0,0,0,0,6,2,,6
466,4,0,0,0,0,0,0,4,4,,6
467,3,0,0,0,0,1,0,4,4,,5
468,5,0,0,1,0,0,0,6,4,,5
469,6,0,0,0,0,0,0,6,4,8.0,7
470,6,0,0,0,0,0,0,6,5,10.0,7
471,6,0,0,0,0,0,0,6,4,,6
472,5,0,0,0,0,1,0,6,4,,5
473,5,0,0,0,0,0,0,5,4,,6
474,5,0,0,0,0,0,0,5,4,,6
475,3,0,0,0,0,0,0,3,4,,5
476,6,0,0,0,0,0,0,6,4,7.0,7
477,6,0,0,0,0,0,0,6,5,9.0,7
478,6,0,0,0,0,0,0,6,4,,6
479,2,0,0,0,0,0,0,2,2,,5
480,4,0,0,0,0,0,0,4,2,,6
481,4,0,0,0,0,0,0,4,4,,6
482,6,0,0,0,0,0,0,6,4,,6
483,5,0,0,0,0,0,0,5,2,,6
484,5,0,0,0,0,0,1,6,3,,5
485,6,0,1,0,0,1,0,8,4,,5
486,8,0,0,0,0,1,0,9,4,,5
487,5,0,2,0,0,0,0,7,4,,4
488,5,0,0,0,0,0,0,5,4,,6
489,4,0,0,0,0,0,0,4,4,,6
490,8,0,2,0,0,0,0,10,2,,5
491,6,0,0,0,0,0,0,6,4,,6
492,4,0,0,0,0,0,0,4,4,,6
493,7,0,0,0,0,0,0,7,4,,6
494,8,0,1,0,0,0,0,9,4,,5
495,2,0,0,0,0,0,0,2,4,,5
496,4,0,0,0,0,0,0,4,4,,6
497,6,0,0,0,0,0,0,6,4,,6
498,5,0,0,0,0,0,0,5,4,,6
499,8,0,0,0,0,0,0,8,4,,6
500,7,0,0,0,0,0,0,7,4,8.0,7
501,8,0,0,0,0,0,0,8,4,,6
502,7,0,0,0,0,0,0,7,2,,6
503,3,0,0,0,0,0,0,3,4,,5
504,7,0,0,0,0,0,0,7,4,,6
505,6,0,2,0,0,0,0,8,2,,6
506,7,0,0,0,1,0,0,8,4,,5
507,5,0,1,0,0,0,0,6,4,,5
508,2,0,1,0,0,0,0,3,4,,4
509,8,0,0,0,0,0,0,8,4,,6
510,11,0,1,0,0,0,1,13,4,,4
511,7,0,0,0,0,0,0,7,4,,6
512,6,0,0,0,0,0,0,6,2,8.0,7
513,6,0,2,0,0,0,0,8,5,9.0,4
514,7,0,4,0,0,0,0,11,4,,4
515,6,0,0,0,0,0,0,6,4,7.0,7
516,5,0,1,0,0,0,0,6,4,6.0,5
517,7,0,0,0,0,0,0,7,2,,6
518,3,0,1,0,0,1,0,5,4,,5
519,5,0,0,0,0,0,0,5,4,,6
520,5,0,0,0,0,0,0,5,2,,6
521,8,0,0,0,0,0,0,8,4,,6
522,3,0,2,0,0,0,0,5,2,,4
523,4,0,0,0,0,0,0,4,4,,6
524,6,0,0,0,0,0,0,6,2,6.0,6
525,8,0,1,0,0,0,0,9,4,,5
526,3,0,0,0,0,0,0,3,4,,5
527,7,0,1,0,0,0,0,8,4,,5
528,6,0,0,0,0,0,0,6,5,9.0,7
529,6,0,0,0,0,0,0,6,5,9.0,7
530,7,0,0,0,0,0,0,7,4,,6
531,8,0,1,0,0,0,0,9,4,,5
532,3,0,0,0,2,1,0,6,4,,4
533,6,0,0,0,0,0,0,6,4,,6
534,6,0,0,0,0,0,0,6,4,8.0,7
535,6,0,0,0,0,0,0,6,5,10.0,7
536,6,0,0,0,0,0,0,6,4,,6
537,5,0,0,0,0,1,0,6,4,,5
538,5,0,0,0,0,0,0,5,4,,6
539,4,0,0,0,1,0,0,5,4,,4
540,5,0,0,0,0,0,0,5,4,,6
541,6,0,0,0,0,0,0,6,5,9.0,7
542,6,0,0,0,0,0,0,6,2,5.0,6
543,6,0,0,0,0,0,0,6,4,,6
544,10,0,0,0,0,0,0,10,2,,6
545,8,0,0,0,0,0,0,8,4,,6
546,6,0,0,0,0,0,0,6,4,,6
547,6,0,1,0,0,0,0,7,4,,5
548,4,0,3,0,0,0,0,7,4,,4
549,6,0,0,0,0,0,0,6,4,6.0,6
550,5,0,1,0,0,0,0,6,4,,5
551,1,0,0,0,0,0,0,1,4,,4
552,6,0,0,0,0,0,0,6,4,4.0,6
553,1,0,3,0,2,1,0,7,4,,2
554,6,0,2,0,0,0,0,8,2,,6
555,6,0,0,0,0,0,0,6,5,10.0,7
556,3,0,1,0,0,0,0,4,2,,5
557,6,0,0,0,0,0,0,6,4,7.0,7
558,3,0,0,1,0,0,0,4,4,,5
559,6,0,0,0,0,0,0,6,2,8.0,7
560,6,0,0,0,0,0,0,6,4,,6
561,8,0,0,0,0,0,0,8,2,,6
562,3,0,2,0,0,0,0,5,2,,4
563,8,0,0,0,0,0,0,8,4,,6
564,6,0,0,0,0,0,0,6,4,7.0,7
565,6,0,0,0,0,0,0,6,5,9.0,7
566,6,0,0,0,0,0,0,6,4,,6
567,5,0,0,0,0,0,0,5,2,,6
568,9,0,2,0,0,0,0,11,2,,5
569,6,0,0,0,0,0,0,6,4,,6
570,3,0,0,0,0,0,0,3,4,,5
571,7,0,0,0,0,0,0,7,4,,6
572,6,0,2,0,0,0,0,8,2,,6
573,8,0,0,0,0,0,0,8,4,,6
574,6,0,0,0,0,0,0,6,2,8.0,7
575,6,0,2,0,0,0,0,8,5,9.0,4
576,6,0,1,0,0,0,0,7,4,,5
577,5,0,1,0,2,0,0,8,2,,4
578,7,0,0,0,0,0,0,7,4,,6
579,8,0,1,0,0,0,0,9,2,,5
580,3,0,5,0,2,0,0,10,4,,3
581,5,0,0,0,0,0,0,5,4,,6
582,7,0,0,0,0,0,1,8,4,,5
583,5,0,1,0,0,0,0,6,4,,5
584,11,0,1,0,0,0,0,12,4,,5
585,2,0,0,0,0,0,0,2,2,,5
586,8,0,0,0,0,0,0,8,4,,6
587,4,0,0,0,0,0,0,4,4,,6
588,5,0,0,0,0,0,0,5,4,,6
589,6,0,0,0,0,0,0,6,4,,6
590,6,0,0,0,0,0,0,6,4,,6
591,7,0,0,0,0,0,0,7,4,,6
592,6,0,0,0,0,0,0,6,4,,6
593,2,0,3,0,0,0,0,5,2,,4
594,2,0,0,0,0,0,0,2,4,,5
595,6,0,0,0,0,0,0,6,4,,6
596,7,0,1,0,0,0,0,8,4,,5
597,6,0,0,0,0,0,0,6,4,,6
598,13,0,0,0,0,0,0,13,4,,6
599,3,0,1,0,0,0,0,4,2,,5
600,8,0,0,0,0,0,0,8,4,,6
601,6,0,0,0,0,0,0,6,4,7.0,7
602,5,0,1,0,0,0,0,6,4,6.0,5
